<?xml version="1.0" encoding="UTF-8"?>
<!DOCTYPE mapper 
PUBLIC "-//mybatis.org//DTD Mapper 3.0//EN"
"http://mybatis.org/dtd/mybatis-3-mapper.dtd">

<mapper namespace="board">	

	<insert id="add">
		insert into hobby
		values(hobby_seq.nextval, #{name}, #{title}, #{content}, #{gender}, #{hobby}, #{img_file_name, jdbcType=VARCHAR})		
	</insert>
	
	<select id="selectAll" resultType="net.hb.crud.BoardDTO">
		select rownum rn, h.* from hobby h
	</select>
	
	<select id="countAll" resultType="int">
		select count(*) as cnt from hobby
	</select>
	
	<select id="selectDetail" resultType="net.hb.crud.BoardDTO">
		select * from hobby where hobby_idx=#{data}
	</select>
	
	<delete id="deleteOne">
		delete from hobby where hobby_idx=#{data}
	</delete>
	
<!-- 	<insert id="add2"> -->
<!-- 		<selectKey keyProperty="mid" resultType="int" order="BEFORE"> -->
<!-- 			select NVL(max(hobby_idx),0)+1 from hobby		 -->
<!-- 		</selectKey> -->
<!-- 	</insert> -->
	
</mapper>


