<?xml version="1.0" encoding="UTF-8" ?>
<!DOCTYPE configuration PUBLIC "-//mybatis.org//DTD Config 3.0//EN"
"http://mybatis.org/dtd/mybatis-3-config.dtd">
<configuration>
		
	<!-- 구글링해서 이거 나옴 -->
<!-- 	<settings> -->
<!--         <setting name="jdbcTypeForNull" value="NULL" /> -->
<!--     </settings> -->
    <!-- 구글링해서 이거 나옴 -->	
		
	<typeAliases>
	   <typeAlias alias="bdto" type="net.hb.crud.BoardDTO"/>
	   <typeAlias alias="gdto" type="net.hb.crud.GuestDTO"/>
	</typeAliases>
	
	<mappers>
		<mapper resource="config/mybatis/guest.xml"/>
		<mapper resource="config/mybatis/board.xml"/>
	</mappers>
	
	
	
</configuration>
