<?xml version="1.0" encoding="UTF-8"?>
<!DOCTYPE mapper 
PUBLIC "-//mybatis.org//DTD Mapper 3.0//EN"
"http://mybatis.org/dtd/mybatis-3-mapper.dtd">

<mapper namespace="board">	

	<insert id="add">
		insert into hobby
		values(hobby_seq.nextval, #{name}, #{title}, #{content}, #{gender}, #{hobby}, #{img_file_name, jdbcType=VARCHAR})		
	</insert>
	
	<select id="selectAll" resultType="net.hb.crud.BoardDTO">
		select rownum rn, h.* from hobby h
	</select>
	
	<select id="countAll" resultType="int">
		select count(*) as cnt from hobby
	</select>
	
	<select id="selectDetail" resultType="net.hb.crud.BoardDTO">
		select * from hobby where hobby_idx=#{data}
	</select>
	
	<delete id="deleteOne">
		delete from hobby where hobby_idx=#{data}
	</delete>
	
	<update id="update">
		update hobby set name=#{name}, title=#{title}, content=#{content},
						gender=#{gender}, hobby=#{hobby}, img_file_name=#{img_file_name}
		where hobby_idx=#{hobby_idx}
	</update>
	
<!-- 	<insert id="add2"> -->
<!-- 		<selectKey keyProperty="mid" resultType="int" order="BEFORE"> -->
<!-- 			select NVL(max(hobby_idx),0)+1 from hobby		 -->
<!-- 		</selectKey> -->
<!-- 	</insert> -->
	
	<!--  아래내용은 무시무시  -->
	<select id="countAllSearch"  parameterType="net.hb.crud.BoardDTO"  resultType="int" >
		select count(*) from hobby  where ${skey} like '%' || #{sval} || '%'  
	</select>
	
	<select id="selectAll789" parameterType="net.hb.crud.BoardDTO" resultType="net.hb.crud.BoardDTO">
	   select  * from  (
	     select  rownum rn, h.* ,(select count(*) from hobby_reply r where r.hobby_idx=h.hobby_idx) as rcnt from 
	      (select * from hobby  where ${skey} like '%' ||  #{sval} ||  '%'  ) h 
	   ) where rn  between #{start} and  #{end} 
	</select>
	
	<select id="selectAllDynamic"  resultType="net.hb.crud.BoardDTO">
		select * from (
		select  rownum as rn, h.* from  (
		select * from hobby 
		
		<if test="skey != null">
			<if test="skey == 'name'">
				where name like '%' || #{sval} || '%'
			</if>
			<if test="skey == 'title'">
				where title like '%' || #{sval} || '%'
			</if>
			<if test="skey == 'content'">
				where content like '%' || #{sval} || '%'
			</if>
		</if>
		   order by hobby_idx 
		  ) h
	   ) where rn between #{start} and #{end}
	</select>	
	
	
	
</mapper>


